Leather,
,Accessory
,Automobile
,Aviation
,Bag
,Belt
,Garment
,Glove
,Home Interior
,Marine
,Shoe
,Upholstery
Faux Leather,
,Accessory
,Automobile
,Aviation
,Bag
,Belt
,Garment
,Glove
,Home Interior
,Marine
,Shoe
,Upholstery
,Accessory
,Bag
,Garment
,Home Interior
Faux Fur,
,Accessory
,Bag
,Garment
,Home Interior
Fabric,
,Automobile Covers   
,Automobile Seats     
,Beddings                         
,Floor Covers 
,Indian Traditional       
,Jeans               
,Ladies Wear              
,Leggings                     
,Men Shirts                 
,Packing Bags 
,Partywear                     
,Scarves         
,Shopping Bags    
,Sofa Cover              
,Sports Wear                      
,Suits for Men          
,Summer Wear 
,Swim Wear        
,T-shirts              
,Undergarments            
,Winter Wear 
,Workwear                      
Synthetic,
,Carpets     
,Denims Manufacturing    
,Fabric Knitting     
,Fabric Weaving    
,Fishnet          
,Gloves      
,"Mufflers, Shawls, Jackets"
,"Ropes, Mops      "
,Sarees & Dress Materials   
,Silky Feel Fabrics/Garments 
,Sports Wear Fabrics    
,Stretched Fabrics     
,Suiting Shirting Fabrics    
,Tshirt Making    
,Undergarments Making    
,Upholstery Fabrics   
,Winter Fabrics Sweaters   
Yarn,
,Carpets    
,Denims Manufacturing    
,Fabric Knitting     
,Fabric Weaving    
,Fishnet          
,Gloves      
,"Mufflers, Shawls, Jackets"
,"Ropes, Mops      "
,Sarees & Dress Materials
,Sports Wear Fabrics    
,Stretched Fabrics     
,Suiting Shirting Fabrics    
,Tshirt Making    
,Undergarments Making    
,Upholstery Fabrics   
,Winter Fabrics Sweaters   
Non-woven Fabrics,
,Personal Care and Hygiene
,Healthcare
,Clothing
,Home
,Automotive
,Construction
,Geotextiles
,Filtration
,Industrial
,Agriculture
,Home Furnishing
,Leisure and Travel
,School 
,Office
Specialty Sizes,
,Maternity
,Petite
,Size +
Specialty Garment,
,Workwear
,Ethnic
,Religious
Component,
,Accessory
,Bags - Leather Goods
,Clothing
,Home Furnishing
,Shoes
,Upholstery