Women ,,,,
,Clothing,,,
,,Coats & Jackets,,
,,,Hooded,
,,,Winter,
,,,Faux Fur,
,,,Trench,
,,,Cape,
,,,Parkka,
,,Dresses,,
,,,Casual,
,,,Club,
,,,Cocktail,
,,,Evening Gowns,
,,,Work,
,,Jeans,,
,,,Bootcut,
,,,Boyfriend ,
,,,Capri,
,,,Cargo ,
,,,Carrot ,
,,,Chino ,
,,,Drop Crotch ,
,,,Dungarees,
,,,Flared ,
,,,Harem ,
,,,Jeggings ,
,,,Loose Fit (Relaxed) ,
,,,Pleat-Front ,
,,,Skinny ,
,,,Slim ,
,,,Straight ,
,,,Tapered ,
,,Jumpsuits & Playsuits,,
,,"Jumpers, Cardigans & Sweatshirts",,
,,,Cardigans,
,,,Hoodies & Sweatshirts,
,,,Jumpers,
,,,Knitted Ponchos & Capes,
,,,Shrugs,
,,,Sleeveless Jumpers,
,,,Twin-Sets,
,,,Leggings,
,,Lingerie & underwear,,
,,,"Baby Dolls, Chemises & Negligees",
,,,Bodysuits,
,,,Bras,
,,,Bustiers & Corsets,
,,,Camisoles & Vests,
,,,Knickers,
,,,Lingerie Sets,
,,,Shapewear,
,,,Slips,
,,,Stockings & Garters,
,,,Thermal,
,,Maternity,,
,,,Blouses & Shirts,
,,,Dresses,
,,,Hoodies,
,,,Jeans,
,,,Knitwear,
,,,Leggings,
,,,Lingerie & Underwear,
,,,Nightwear,
,,,Outerwear,
,,,Overalls,
,,,Shorts,
,,,Skirts,
,,,Suiting & Blazers,
,,,Sweatshirts,
,,,Swim,
,,,Tops & Tees,
,,,Trousers,
,,Nightwear,,
,,,Bathrobes,
,,,Bottoms,
,,,Dressing Gowns,
,,,Nightdresses & Nightshirts,
,,,Onesies,
,,,Pyjama Sets,
,,,Tops,
,,Shorts,,
,,,shorts,
,,,Shortie,
,,,Playsuit,
,,,Pedal pusher,
,,,Safari shorts,
,,,Cut-offs,
,,Skirts,,
,,,Classic straight,
,,,Mini skirt,
,,,Jean skirt,
,,,Tube ,
,,,Pencil,
,,,Wrap over,
,,,A-line flared,
,,,Panelled,
,,,Gored,
,,,Kilt,
,,,Pleated,
,,,Tulip,
,,,Bubble,
,,,Skater,
,,,Circular,
,,,Dirndl,
,,,Peasant,
,,,Layered,
,,Snow & Rainwear,,
,,,Waterproof trousers,
,,,Overtrousers,
,,,Waterproof jacket,
,,,Raincoat,
,,,Windbreaker,
,,,Quilted coat jacket,
,,,Rain poncho,
,,Socks & Tights,,
,,,Athletic Socks,
,,,Hold-up Stockings,
,,,Knee-High Socks,
,,,Leg Warmers,
,,,Liners & Ankle Socks,
,,,Sock Slippers,
,,,Socks,
,,,Suspender Stockings,
,,,Tights,
,,Sportswear,,
,,,Athletic Socks,
,,,Base Layers,
,,,Gilets,
,,,Hoodies & Sweatshirts,
,,,Knickers & Bras,
,,,Knitwear,
,,,Sets,
,,,Shirts & Tees,
,,,Shorts,
,,,Skirts,
,,,Tights & Leggings,
,,,Track Jackets,
,,,Tracksuits,
,,,Trousers,
,,Suits & Blazers,,
,,,Dress Suits,
,,,Skirt Suits,
,,,Suit Jackets & Blazers,
,,,Trouser Suits,
,,,Waistcoats,
,,Swimwear,,
,,,Bikinis,
,,,Cover-Ups & Sarongs,
,,,One Pieces,
,,,Shorts,
,,,Tankinis,
,,"Tops,T-Shirts & Blouses",,
,,,Blouses & Shirts,
,,,Bodysuits,
,,,Long Sleeve Tops,
,,,Polos,
,,,T-Shirts,
,,,Vest Tops,
,,Trousers,,
,,,Straight cut,
,,,Flared ,
,,,Wide leg,
,,,Pleated wide leg,
,,,Pegs,
,,,Culottes,
,,,Gaucho,
,,,Palazzo,
,,,Sailor pants,
,,,Dungarees,
,,,Harem pants,
,,,Jodhpurs,
,,,Stirrup pants,
,,,Leggings,
,,,Cropped trousers,
,,,Capri,
,,Petite & Plus sizes,,
,Accessories,,,
,,Arm Warmers & Muffs,,
,,,Long gloves,
,,,Opera gloves,
,,,Fingerless long gloves,
,,,Gauntlets,
,,,Muff/handwarmer,
,,Belt Buckles,,
,,,Square frame buckle,
,,,Logo buckle,
,,,Slide buckle,
,,,Snaffle clasp,
,,,Box frame buckle,
,,Belts,,
,,,Skinny ,
,,,Standard,
,,,Wide leg,
,,,Cordet belt,
,,,Beaded stretch belt,
,,,Chain belt,
,,,Macramé belt,
,,,Rope tie belt,
,,,Toggle clasp,
,,,D-rings clasp,
,,,Plaque buckle,
,,,Eyelet wrap,
,,,Broas-bar clasp,
,,,Box-frame - side release clasp,
,,,Snake clasp,
,,,Interlocking ring-clasp,
,,,Plate buckle,
,,Braces,,
,,,With clips,
,,,Button style,
,,Earmuffs,,
,,Eyewear & Accessories,,
,,,Frames,
,,,Glasses Cases,
,,,Glasses Chains & Lanyards,
,,,Replacement Sunglass Lenses,
,,,Sunglasses,
,,Gloves & Mittens,,
,,,Wool gloves,
,,,Opera length,
,,,Driving gloves,
,,,Bridal gloves,
,,,Motor bike gauntlets,
,,,Protection gloves,
,,,Sheepskin gloves,
,,,Fingerless gloves,
,,,Mittens,
,,,Fingerless mittens,
,,,Muffs,
,,,Wrist warmers,
,,Handkerchiefs,,
,,Hats & Caps,,
,,,Balaclavas,
,,,Baseball Caps,
,,,Berets,
,,,Bomber Hats,
,,,Bowler Hats,
,,,Bucket Hats,
,,,Cowboy Hats,
,,,Fascinators,
,,,Fedoras & Trilby Hats,
,,,Flat Caps,
,,,Panama Hats,
,,,Porkpie Hats,
,,,Skullies & Beanies,
,,,Sun Hats,
,,,Visors,
,,Headbands,,
,,,Fabric Headbands,
,,,Plastic Headbands,
,,,Toothed Headbands,
,,,Embellished Headbands,
,,,Velvet Headband,
,,,Knitted Winter Headbands,
,,,Bowknot Headband,
,,,Turban Headband,
,,,The Alice Headband,
,,,The Polka Dot Headband,
,,,Glitter/ Sequins Headband,
,,,Faux Braid Headband,
,,,The Scarf Headband,
,,,Golden Laurel Headband,
,,,Ponytail Headband,
,,,Black Satin Headband,
,,,Floral Headband,
,,,Woven Headband,
,,Kidney Warmers,,
,,Scarves & Wraps,,
,,,Neckerchief,
,,,Silk scarf,
,,,Wool scarf,
,,,Snood,
,,,Cowl,
,,,Shawl,
,,,Mobius shawl,
,,,Pashmena,
,,,Stole,
,,,Shoulderette,
,,,Capelette,
,,,Shrug,
,,"Wallets, Card Cases & Money Organizers",,
,,,Card & ID Cases,
,,,Chequebook Covers,
,,,Cigarette Cases,
,,,Purse,
,,,Clasp purse,
,,,Continental long wallet,
,,,Zip-around wallet,
,,,Credit card wallet,
,,,Bi-fold wallet,
,,,Tri-fold wallet,
,,,Wallet with chain,
,,,Wallet with strap,
,,,Travel/passport wallet,
,,,Phone case wallet,
,,,Key case,
,,,Glasses Case,
,,,Glasses pouch,
,,,Card holder,
,,,Writing case,
,,,Money clip,
,,,Tablet case/sleeve,
,,,Phone case   ,
,,,Luggage tag,
,,,Knife sheath,
,,,Manicure set case,
,,,Pencil case,
,Handbags,,,
,,Clutches,,
,,,Envelope clutch,
,,,Minaudière,
,,,Kiss lock clutch,
,,,Wristlet,
,,Cross-Body and Shoulder Bags,,
,,,Baguette bag,
,,,Hobo bag,
,,,Straw bag,
,,,Muff bag,
,,,Shopper bag,
,,,Tote bag,
,,,Woven tote,
,,,Fringe bag,
,,,Bucket bag,
,,,Squaw bag,
,,,Accordion bag,
,,,Canteen bag,
,,,Saddle bag,
,,,Satchel,
,,,Quilted Sling/cross-body bag,
,,,Lady camera bag,
,,,One strap book bag,
,,,Haversack,
,,Fashion Backpacks,,
,,,Belt bag,
,,,Waist pack,
,,,Sports waist belt bag,
,,,Day pack,
,,,Backpack Drawstring back pack,
,,,Randoseru,
,,,Knapsack,
,,,Army duffel bag,
,,,School bag,
,,,Rucksack,
,,,Satchel backpack,
,,Top-handle Bags,,
,,Athletic & functional bags,,
,,,Small travelling pouch,
,,,Wash bag,
,,,Weekender,
,,,Sports duffel bag,
,,,Barrel bag,
,,,Bowling bag,
,,,Safari bag,
,,,Messenger bag,
,,,Field bag,
,,,Battle bag,
,,,Computer bag,
,,,Trunk bag,
,,,Saddle bag,
,,,Camera bag,
,,,Lens bag,
,,,Diaper bag,
,,,Packing cubes,
,,,Tennis bag,
,,,Hiking backpack,
,,,Golf bag,
,,,Gig bag,
,,,Portfolio bag,
,,,Garment bag,
,Shoes,,,
,,Ballet Flats,,
,,Boat Shoes,,
,,Boots,,
,,Clogs & Mules,,
,,Court Shoes,,
,,Espadrilles,,
,,Flip Flops & Thongs,,
,,Lace-Up Flats,,
,,Loafer Flats,,
,,Mary Janes,,
,,Sandals,,
,,Slippers,,
,,Sports & Outdoor Shoes,,
,,,Badminton Shoes,
,,,Baseball Shoes,
,,,Basketball Shoes,
,,,Boating Shoes,
,,,Bowling Shoes,
,,,Boxing Shoes,
,,,Climbing Shoes,
,,,Cross Trainers,
,,,Cycling Shoes,
,,,Dance Shoes,
,,,Equestrian Boots,
,,,Field Hockey Shoes,
,,,Football Boots,
,,,Golf Shoes,
,,,Handball Shoes,
,,,Indoor Court Shoes,
,,,Martial Arts Shoes,
,,,Nordic Walking Shoes,
,,,Pool Shoes,
,,,Rugby Boots,
,,,Running Shoes,
,,,Sports & Outdoor Sandals,
,,,Squash Shoes,
,,,Technical Skateboarding Shoes,
,,,Tennis Shoes,
,,,Trainers,
,,,Trekking & Hiking Footwear,
,,,Volleyball Shoes,
,,,Water Shoes,
,,Trainers,,
,,Work & Utility Footwear,,
,Watches,,,
,,Swiss & Luxury Store,,
,,Contemporary & Design Watches,,
,,Fashion Watches,,
,,Smartwatches,,
,,Sports Watches,,
,,Classic Watches,,
,Jewellery,,,
,,Anklets,,
,,,Metal anklets,
,,,Beaded anklets,
,,,Charm anklets,
,,,Shell anklets,
,,,Birthstone anklets,
,,,Letter anklets,
,,,Bridal anklet,
,,,Knitted toe ring anklet,
,,Bracelets,,
,,,Armlet,
,,,Bangles,
,,,Beaded  ,
,,,Brazilian,
,,,Chain,
,,,Charm ,
,,,Coiled,
,,,Cuff ,
,,,Elastic,
,,,Expandable,
,,,Friendship,
,,,Hinged bangle,
,,,ID ,
,,,Leather wristband,
,,,Link & Chain,
,,,Rope,
,,,Scarab,
,,,Slide ,
,,,Smart ,
,,,Snake,
,,,Sport wristband,
,,,Strand ,
,,,Stretch ,
,,,Tennis ,
,,,Torc,
,,,Wrap ,
,,,Wrist to finger bracelet,
,,Brooches & Pins,,
,,,Vintage,
,,,Cameo,
,,,Stock pin,
,,,Badges,
,,,Hat pin,
,,Charms,,
,,,Bead Charms,
,,,Charm & Bead Carriers,
,,,Chunks & Snaps,
,,,Clasp Charms,
,,,Italian Style Charms,
,,,Spacers,
,,Earrings,,
,,,Dangle & Drop,
,,,Ear Cuff,
,,,Hoop,
,,,Spike,
,,,Stud,
,,,Thread,
,,,Fixation,
,,,Clip-on,
,,,Magnetic,
,,,Pierced,
,,,Stick on,
,,Hair Jewellery,,
,,,Bands,
,,,Clips,
,,,Combs,
,,,Pins,
,,,Tiaras,
,,Necklaces,,
,,,Chain,
,,,Choker,
,,,Necklet,
,,,Pendant,
,,,Sautoir,
,,,Strand,
,,,Torque,
,,,Y-Shape,
,,Pendants & Coins,,
,,,Coin Frames,
,,,Coins,
,,,Lockets,
,,,Pendants,
,,Rings,,
,,,Diamond Rings,
,,,Engagement Rings,
,,,Wedding Rings,
,,,Eternity Rings,
,,,Designer Rings,
,,,Toe ring,
,,,Marquise ring,
,,,Puzzle ring,
,,,Signet ring,
,,,Dress ring,
Men,,,,
,Clothing,,,
,,Coats & Jackets,,
,,,Coats,
,,,Gilets,
,,,Jackets,
,,Jeans,,
,,,Bootcut ,
,,,Boyfriend ,
,,,Capri ,
,,,Cargo ,
,,,Carrot ,
,,,Chino ,
,,,Drop Crotch ,
,,,Dungarees ,
,,,Flared ,
,,,Harem ,
,,,Jeggings ,
,,,Loose Fit (Relaxed) ,
,,,Pleat-Front,
,,,Skinny ,
,,,Slim ,
,,,Straight ,
,,,Tapered ,
,,"Jumpers, Cardigans & Sweatshirts",,
,,,Cardigans,
,,,Hoodies & Sweatshirts,
,,,Jumpers,
,,,Knitted Ponchos & Capes,
,,,Shrugs,
,,,Sleeveless Jumpers,
,,Nightwear,,
,,,Bathrobes,
,,,Dressing Gowns & Kimonos,
,,,Onesies,
,,,Pyjama Bottoms,
,,,Pyjama Sets,
,,,Pyjama Tops,
,,Shorts,,
,,,Cargo shorts,
,,,Preppy shorts,
,,,Baggy Bermudas,
,,,Boardshorts,
,,,Riding breeches,
,,Snow & Rainwear,,
,,,Waterproof trousers,
,,,Overtrousers,
,,,Waterproof jacket,
,,,Raincoat,
,,,Windbreaker,
,,,Quilted coat jacket,
,,,Rain poncho,
,,Socks,,
,,,Athletic Socks,
,,,Calf Socks,
,,,Knee-High Socks,
,,,Liners & Ankle Socks,
,,Sportswear,,
,,,Athletic Socks,
,,,Base Layers,
,,,Gilets,
,,,Hoodies & Sweatshirts,
,,,Knitwear,
,,,Sets,
,,,Shirts & Tees,
,,,Shorts,
,,,Tights & Leggings,
,,,Track Jackets,
,,,Tracksuits,
,,,Trousers,
,,,Underwear,
,,Suits & Blazers,,
,,,Blazers,
,,,Suit Jackets,
,,,Suit Trousers,
,,,Suits,
,,,Tuxedo Jackets,
,,,Tuxedo Trousers,
,,,Tuxedos,
,,,Waistcoats,
,,Swimwear,,
,,,Briefs,
,,,Shorts & Trunks,
,,"Tops, T-Shirts & Shirts",,
,,,Long Sleeve Tops,
,,,Polos,
,,,Shirts,
,,,T-Shirts,
,,,Vests,
,,Trousers,,
,,,Chinos,
,,,Cords,
,,,Dress Trousers,
,,,Joggers & Sweatpants,
,,Underwear,,
,,,Boxers,
,,,Briefs,
,,,G-Strings & Thongs,
,,,Sets,
,,,Thermal,
,,,Trunks,
,,,Vests,
,Shoes,,,
,,Boat Shoes,,
,,Boots,,
,,Clogs,,
,,Espadrilles,,
,,Flip Flops & Thongs,,
,,Lace-ups,,
,,Loafer Flats,,
,,Safety Shoes & Boots,,
,,Sandals,,
,,Slippers,,
,,Sports & Outdoor Shoes,,
,,Trainers,,
,Bags & Wallets,,,
,,Bags & Wallets,,
,,,Carry-All & Organiser Clutches,
,,,Shoulder Bags,
,,,Top-Handle Bags,
,,,Card & ID Cases,
,,,Chequebook Covers,
,,,Cigarette Cases,
,,,Purse,
,,,Clasp purse,
,,,Continental long wallet,
,,,Zip-around wallet,
,,,Credit card wallet,
,,,Bi-fold wallet,
,,,Tri-fold wallet,
,,,Wallet with chain,
,,,Wallet with strap,
,,,Travel/passport wallet,
,,,Phone case wallet,
,,,Key case,
,,,Glasses Case,
,,,Glasses pouch,
,,,Card holder,
,,,Writing case,
,,,Money clip,
,,,Tablet case/sleeve,
,,,Phone case   ,
,,,Luggage tag,
,,,Knife sheath,
,,,Manicure set case,
,,,Pencil case,
,,Fashion Backpacks,,
,,,Belt bag,
,,,Waist pack,
,,,Sports waist belt bag,
,,,Day pack,
,,,Backpack Drawstring back pack,
,,,Randoseru,
,,,Knapsack,
,,,Army duffel bag,
,,,School bag,
,,,Rucksack,
,,,Satchel backpack,
,,Athletic & functional bags,,
,,,Small travelling pouch,
,,,Wash bag,
,,,Weekender,
,,,Sports duffel bag,
,,,Barrel bag,
,,,Bowling bag,
,,,Safari bag,
,,,Messenger bag,
,,,Field bag,
,,,Battle bag,
,,,Computer bag,
,,,Trunk bag,
,,,Saddle bag,
,,,Camera bag,
,,,Lens bag,
,,,Diaper bag,
,,,Packing cubes,
,,,Tennis bag,
,,,Hiking backpack,
,,,Golf bag,
,,,Gig bag,
,,,Portfolio bag,
,,,Garment bag,
,Accessories,,,
,,Belts,,
,,,Skinny ,
,,,Standard,
,,,Wide leg,
,,,Cordet belt,
,,,Beaded stretch belt,
,,,Chain belt,
,,,Macramé belt,
,,,Rope tie belt,
,,,Toggle clasp,
,,,D-rings clasp,
,,,Plaque buckle,
,,,Eyelet wrap,
,,,Broas-bar clasp,
,,,Box-frame - side release clasp,
,,,Snake clasp,
,,,Interlocking ring-clasp,
,,,Plate buckle,
,,Hats,,
,,,Balaclavas,
,,,Baseball Caps,
,,,Berets,
,,,Bomber Hats,
,,,Bowler Hats,
,,,Bucket Hats,
,,,Cowboy Hats,
,,,Fedoras & Trilby Hats,
,,,Flat Caps,
,,,Panama Hats,
,,,Porkpie Hats,
,,,Skullies & Beanies,
,,,Visors,
,,Scarves,,
,,,Warmer,
,,,neckerchief,
,,,Silk scarf,
,,,Keffieh,
,,Sunglasses,,
,Men’s Jewellery,,,
,,Bracelets,,
,,,Bangle ,
,,,Charm,
,,,Cuff ,
,,,ID ,
,,,Link & Chain ,
,,,Rope ,
,,,Strand ,
,,,Stretch,
,,,Tennis ,
,,,Wrap ,
,,Earrings,,
,,,Dangle & Drop,
,,,Ear Cuff,
,,,Hoop,
,,,Spike,
,,,Stud,
,,,Thread,
,,Neckwear,,
,,,Chain,
,,,Choker,
,,,Necklet,
,,,Pendant,
,,,Sautoir,
,,,Strand,
,,,Torque,
,,,Y-Shape,
,,Rings,,
,,,Anniversary,
,,,Birth,
,,,Christening,
,,,Engagement,
,,,Eternity,
,,,Promise,
,,,Wedding,
,,,Ring Design,
,,,Midi,
,,,Plain Band,
,,,Signet & Sovereign,
,,,Solitaire,
,,,Stacked,
,,,Statement,
,,,Themed,
,,,Wrapped,
,,Shirt Accessories,,
,,,Cufflinks,
,,,Shirt Studs,
,Men’s Watches,,,
,,Contemporary & Design Watches,,
,,Fashion Watches,,
,,Smartwatches,,
,,Sports Watches,,
,,Classic Watches,,
Baby and Toddler,,,,
,Baby girl clothing,,,
,,Accessories,,
,,,Gloves & Mittens,
,,,Hats & Caps,
,,,Neckerchiefs,
,,,Scarves,
,,,Sunglasses,
,,Bodysuits & One-Pieces,,
,,,Bodysuits,
,,,Footies,
,,,Rompers,
,,Christening Gowns,,
,,Coats & Jackets,,
,,,Gilets,
,,,Raincoats,
,,Dresses,,
,,Skirts & Skorts,,
,,Dungarees,,
,,Hoodies & Tracksuits,,
,,Jeans,,
,,Knitwear,,
,,Leggings,,
,,Shorts,,
,,,Bloomers,
,,,Denim,
,,,Terry,
,,Sleepwear & Robes,,
,,,Nighties,
,,,Pyjama Bottoms,
,,,Pyjama Sets,
,,,Pyjama Tops,
,,,Robes,
,,,Sleeping Bags,
,,,Sleepsuits,
,,Snow & Rainwear,,
,,,Rain Trousers,
,,,Raincoats,
,,,Snow Trousers & Bibs,
,,,Snowsuits,
,,Socks & Tights,,
,,,Leg Warmers,
,,,Socks,
,,,Tights,
,,Swimwear,,
,,Tops,,
,,,Blouses,
,,,Polos,
,,,T-Shirts,
,,,Tank Tops,
,,Trousers,,
,,,Bloomers,
,,,Pants,
,,,Jogging pants,
,,Underwear,,
,,,Bloomers,
,,,Sets,
,,,Training Pants,
,,,Vests,
,,Baby Girls Shoes,,
,,,Booties,
,,,Boots,
,,,Slippers,
,,,Wellies,
,,,First Walking Shoes,
,,,Sneakers,
,,,Trainers,
,,,Girl button strap slippers,
,,,Lace up booties ,
,,,Sandals,
,,,Water Shoes,
,,,Orthopedic,
,Baby boy,,,
,,Accessories,,
,,,Gloves & Mittens,
,,,Hats & Caps,
,,,Neckerchiefs,
,,,Scarves,
,,,Sunglasses,
,,Bodysuits & One-Pieces,,
,,,Bodysuits,
,,,Footies,
,,,Rompers,
,,Christening Gowns,,
,,Coats & Jackets,,
,,,Gilets,
,,,Raincoats,
,,,Dungarees,
,,,Hoodies & Tracksuits,
,,,Jeans,
,,,Knitwear,
,,,Leggings,
,,Shorts,,
,,,Bloomers,
,,,Denim,
,,,Terry,
,,Sleepwear & Robes,,
,,,Nighties,
,,,Pyjama Bottoms,
,,,Pyjama Sets,
,,,Pyjama Tops,
,,,Robes,
,,,Sleeping Bags,
,,,Sleepsuits,
,,Snow & Rainwear,,
,,,Rain Trousers,
,,,Raincoats,
,,,Snow Trousers & Bibs,
,,,Snowsuits,
,,Socks & Tights,,
,,,Leg Warmers,
,,,Socks,
,,,Tights,
,,,Swimwear,
,,Tops,,
,,,Blouses,
,,,Polos,
,,,T-Shirts,
,,,Tank Tops,
,,Trousers,,
,,,Bloomers,
,,,Pants,
,,,Jogging pants,
,,Underwear,,
,,,Bloomers,
,,,Sets,
,,,Training Pants,
,,,Vests,
,,Baby boys Shoes,,
,,,Booties,
,,,Boots,
,,,Wellies,
,,,First Walking Shoes,
,,,sneakers,
,,,girl button strap slippers,
,,,lace up bootees ,
,,,sandals,
,,,in-door sleepers,
,,,orthopedia,
Girls,,,,
,Accessories,,,
,,Balaclavas,,
,,Braces,,
,,Earmuffs,,
,,Eyewear & Accessories,,
,,Gloves & Mittens,,
,,Hats & Caps,,
,,Headbands,,
,,Kidney Warmers,,
,,Muffs,,
,,Neckerchiefs,,
,,"Scarf, Hat & Glove Sets",,
,,Scarves,,
,Clothing,,,
,,Coats,,
,,Gilets,,
,,Jackets,,
,,Raincoats,,
,,Dresses,,
,,Dungarees & Jumpsuits,,
,,Skirts & Skorts,,
,,Shorts,,
,,Hoodies & Sweatshirts,,
,,Trousers,,
,,Jeans,,
,Knitwear,,,
,,Cardigans,,
,,Jumpers,,
,Sleepwear & Robes,,,
,,Bathrobes,,
,,Nighties,,
,,Pyjama Bottoms,,
,,Pyjama Sets,,
,,Pyjama Tops,,
,,Robes & Kimonos,,
,,Sleepsuits,,
,Snow & Rainwear,,,
,,Rain Trousers,,
,,Raincoats,,
,,Snow Trousers & Bibs,,
,,Snowsuits,,
,"Socks, Tights & Leggings",,,
,,Athletic Socks,,
,,Knee-High Socks,,
,,Leggings,,
,,Liners & Ankle Socks,,
,,Socks,,
,,Tights,,
,Sportswear,,,
,,Athletic Socks,,
,,Base Layers,,
,,Gilets,,
,,Hoodies & Sweatshirts,,
,,Knickers & Bras,,
,,Knitwear,,
,,Sets,,
,,Shirts & Tees,,
,,Shorts,,
,,Skirts & Skorts,,
,,Tights & Leggings,,
,,Track Jackets,,
,,Tracksuits,,
,,Trousers,,
,Swimwear,,,
,,Cover-Ups,,
,,One Pieces,,
,,Shorts,,
,,Two Pieces,,
,Girls' Shoes,,,
,,Ballet Flats,,
,,Boat Shoes,,
,,Boots,,
,,Clogs & Mules,,
,,Court Shoes,,
,,Espadrilles,,
,,Flip Flops & Thongs,,
,,Lace-Up Flats,,
,,Loafer Flats,,
,,Mary Janes,,
,,Sandals,,
,,Slippers,,
,,Sports & Outdoor Shoes,,
,,Trainers,,
Boys,,,,
,Accessories,,,
,,Arm Warmers,,
,,Balaclavas,,
,,Braces,,
,,Earmuffs,,
,,Eyewear & Accessories,,
,,Gloves & Mittens,,
,,Hats & Caps,,
,,Headbands,,
,,Neckerchiefs,,
,,"Scarf, Hat & Glove Sets",,
,,Scarves,,
,,Ties,,
,Coats & jackets,,,
,,Coats,,
,,Gilets,,
,,Jackets,,
,,Raincoats,,
,,Suits & Blazers,,
,,Dungarees,,
,,Hoodies & Sweatshirts,,
,,Jeans,,
,,Knitwear,,
,,Shorts,,
,Sleepwear & Robes,,,
,,Bathrobes,,
,,Pyjama Bottoms,,
,,Pyjama Sets,,
,,Pyjama Tops,,
,,Robes & Kimonos,,
,,Sleepsuits,,
,Snow & Rainwear,,,
,,Rain Trousers,,
,,Raincoats,,
,,Snow Trousers & Bibs,,
,,Snowsuits,,
,Socks,,,
,,Athletic Socks,,
,,Calf Socks,,
,,Knee-High Socks,,
,,Liners & Ankle Socks,,
,Sportswear,,,
,,Athletic Socks,,
,,Base Layers,,
,,Hoodies & Sweatshirts,,
,,Knitwear,,
,,Sets,,
,,Shirts & Tees,,
,,Shorts,,
,,Tights & Leggings,,
,,Track Jackets,,
,,Tracksuits,,
,,Trousers,,
,,Underwear,,
,,Swimwear,,
,"Tops, T-Shirts & Shirts",,,
,,Long Sleeve Tops,,
,,Polos,,
,,Shirts,,
,,T-Shirts,,
,,Vest Tops,,
,Underwear,,,
,,Boxers,,
,,Briefs,,
,,Sets,,
,,Thermal,,
,,Vests,,
Ethnic & religious,,,,
,Women,,,
,,Sarees,,
,,,Lehenga Saree,
,,,Ready Pleated Saree,
,,,With Blouse Piece,
,,,Without Blouse Piece,
,,,Art Silk,
,,,Chiffon,
,,,Cotton,
,,,Crepe,
,,,Georgette,
,,,Linen,
,,,Silk,
,,Other ethnic,,
,,,Kurtas & Kurtis,
,,,Salwar Suits,
,,,Lehenga Cholis,
,,,Gowns,
,,,Bottom Wear,
,,,Blouses,
,,,Palazzos,
,,,Chunnis & Dupattas,
,,Occasion,,
,,,Evening,
,,,Ceremony,
,,,Casual,
,,,Business,
,,Maghreb,,
,Men,,,
,Unisex,,,
,,Burnous,,
,,Djellaba,,
,,Fez,,
,,Fouta towel,,
,,Gandoura,,
,,Qashabi,,
,,Safseri,,
,,Takchita,,
,Nigerian,,,
,,Aso Oke,,
,,Agbada,,
,,Dashiki,,
,,Head tie,,
,,Isiagu,,
,,Wrapper (clothing),,
,Pakistan,,,
,,Shirt Dupatta,,
,,Shirts,,
,,Tops,,
,,Kurtis,,
,,Trousers,,
,Muslim Clothing,,,
,,Nikab,,
,,Hijab,,
,,Burkini,,
,India,,,
,,Kurtas,,
,,Kurta Sets,,
,,"Dhotis, Mundus & Lungis",,
,,Pyjamas,,
,,Nehru Jackets,,
,,Sherwanis,,
,,Stoles,,
Work clothes & Uniforms,,,,
,Brewing Clothes,,,
,,Pants,,
,,Jeans,,
,,Shorts,,
,,Shirts,,
,,Coveralls,,
,,Outerwear,,
,,Accessories,,
,Business Casuals,,,
,,Pants,,
,,Jeans,,
,,Shorts,,
,,Shirts,,
,,Jackets,,
,,Accessories,,
,Chef uniforms,,,
,,Chef coat,,
,,Cook shirt,,
,,Cargo pocket chef pants,,
,,Apron,,
,,Chef hat,,
,Construction,,,
,,Bib Overalls,,
,,Button Down,,
,,Carpenter,,
,,Coat,,
,,Coveralls,,
,,Double Knees,,
,,Flat Front,,
,,Hooded,,
,,Insulated/Lined,,
,,Insulated Bib Overalls,,
,,Insulated Coveralls,,
,,Multi Pocket,,
,,Pockets,,
,,T-Shirts,,
,,Utility,,
,,Vest,,
,,Work Shirts,,
,Farm & Ranch,,,
,,5 Pockets,,
,,Bib Overalls,,
,,Button Down,,
,,Carpenter,,
,,Double Knees,,
,,Multi Pocket,,
,,Pockets,,
,,T-Shirts,,
,,Utility,,
,,Work Shirts,,
,Hospitality Uniforms,,,
,,Pants,,
,,Shorts,,
,,Shirts,,
,,Outerwear,,
,,Footwear,,
,Food Service,,,
,,Aprons,,
,,Butcher wraps & coats,,
,,Buscoats,,
,,Chef pants & trousers,,
,,Chef hats,,
,,Chef aprons,,
,,Cook shirts,,
,,Food Service Footwear,,
,,Dishwashing Gloves,,
,,Oven Mitts / Pot Holders,,
,,Server Apparel,,
,,Wait vests,,
,,Ties/Neckerchiefs,,
,,Tunics,,
,Lawn & Garden,,,
,,Pants,,
,,Jeans,,
,,Shorts,,
,,Shirts,,
,,Bibs & Coveralls,,
,,Outerwear,,
,Logger Clothing,,,
,,5 Pockets,,
,,Bib Overalls,,
,,Button Down,,
,,Carpenter,,
,,Coat,,
,,Double Knees,,
,,Flat Front,,
,,Insulated/Lined,,
,,Insulated Bib Overalls,,
,,Multi Pocket,,
,,Plaid,,
,,Pockets,,
,,Utility,,
,Mechanic Uniforms,,,
,,Pants,,
,,Shorts,,
,,Shirts,,
,,Jackets,,
,,Footwear,,
,,Bibs & Coveralls,,
,Medical Uniforms,,,
,,Scrub pants,,
,,Scrub tops,,
,,Tunics,,
,,Lab coat,,
,,Clogs,,
,Painter Clothing,,,
,,Bib Overalls,,
,,Button Down,,
,,Double Knees,,
,,Flat Front,,
,,Multi Pocket,,
,,Pockets,,
,,T-Shirts,,
,,Utility,,
,,Work Shirts,,
,Snow Removal,,,
,,5 Pockets,,
,,Bib Overalls,,
,,Carpenter,,
,,Coveralls,,
,,Flat Front,,
,,Hooded,,
,,Insulated/Lined,,
,,Insulated Bib Overalls,,
,,Insulated Coveralls,,
,,Jackets,,
,,Multi Pocket,,
,,Pockets,,
,,Utility,,
,,Vest,,
,Tactical Workwear,,,
,,Button Down,,
,,Cargo,,
,,Flat Front,,
,,Hoodie,,
,,Multi Pocket,,
,,Pockets,,
,,Polos,,
,,Utility,,
,,Work Shirts,,
,Welding & Manufacturing,,,
,,5 Pockets,,
,,Bib Overalls,,
,,Boots,,
,,Button Down,,
,,Cargo,,
,,Carpenter,,
,,Coat,,
,,Coveralls,,
,,Double Knees,,
,,Elastic Waist,,
,,Flat Front,,
,,Hooded,,
,,Hoodie,,
,,Insulated,,
,,Insulated/Lined,,
,,Insulated Bib Overalls,,
,,Insulated Coveralls,,
,,Jackets,,
,,Multi Pocket,,
,,Pants,,
,,Pleated Front,,
,,Pockets,,
,,Polos,,
,,Quilted,,
,,Shirts,,
,,Shoes,,
,,Shorts,,
,,T-Shirts,,
,,Underwear,,
,,Utility,,
,,Vest,,
,,Work Shirts,,
,Work Utility & Safety Clothing,,,
,,Aprons,,
,,Dungarees & Coveralls,,
,,Jackets & Coats,,
,,Safety Vests,,
,,Sets,,
,,Shorts,,
,,Tops,,
,,Trousers,,
,,Protective coverall,,
,Cleaning & Janitorial,,,
,,Aprons,,
,,Overalls & Coveralls,,
,,Tops,,
,,Trousers,,
,School Uniforms,,,
,,Shorts,,
,,"Tops, T-Shirts & Blouses",,
,,Tunics,,